mpg,cylinders,displacement,horsepower,weight_lbs,acceleration_0_60,model year,origin_numeric,torque_lbft,top_speed_mph,0-60_time_sec_predicted,quarter_mile_time,car_name,car_full_name,origin_text,alternate_hp,alternate_weight,alternate_year
13,8,360,175,3821,11,73,1,285,106,10.2,,amc ambassador brougham,1973 AMC Ambassador Brougham Sedan V-8 360 Torque-Command automatic (aut. 3),America,,,
15,8,390,190,3850,8.5,70,1,305,108,10.5,,amc ambassador dpl,,America,,,
17,8,304,150,3672,11.5,72,1,245,103,11.5,,amc ambassador sst,,America,,,
19.4,6,232,90,3210,17.2,78,1,168,101,14.5,,amc concord,,America,,,
24.3,4,151,90,3003,20.1,80,1,168,98,16.7,,amc concord,1978 AMC Concord 4-Door Sedan 232 automatic (aut. 3),America,,,
18.1,6,258,120,3410,15.1,78,1,,,,,amc concord d/l,,America,,,
20.2,6,232,90,3265,18.2,79,1,,,,,amc concord dl 6,,America,,,
19,6,232,100,2634,13,71,1,,,,,amc gremlin,,America,,,
18,6,232,100,2789,15,73,1,,,,,amc gremlin,,America,,,
20,6,232,100,2914,16,75,1,,,,,amc gremlin,,America,,,
21,6,199,90,2648,15,70,1,182,95,15.8,,amc gremlin,1970 AMC Gremlin 199 Shift-Command automatic (aut. 3) ,America,,,
18,6,232,100,2945,16,73,1,,,,,amc hornet,,America,,,
19,6,232,100,2901,16,74,1,,,,,amc hornet,,America,,,
18,6,199,97,2774,15.5,70,1,182,101,11.6,,amc hornet,,America,,,
22.5,6,232,90,3085,17.6,76,1,,,,,amc hornet,,America,,,
18,6,258,110,2962,13.5,71,1,,,,,amc hornet sportabout (sw),,America,,,
14,8,304,150,3672,11.5,73,1,,,,,amc matador,,America,,,
15.5,8,304,120,3962,13.9,76,1,,,,,amc matador,,America,,,
16,6,258,110,3632,18,74,1,,,,,amc matador,,America,,,
15,6,258,110,3730,19,75,1,,,,,amc matador,,America,,,
18,6,232,100,3288,15.5,71,1,210,96,13.5,,amc matador,,America,135,,
15,8,304,150,3892,12.5,72,1,,,,,amc matador (sw),,America,,,
14,8,304,150,4257,15.5,74,1,,,,,amc matador (sw),,America,,,
19,6,232,90,3211,17,75,1,185,101,14.2,,amc pacer,1975 AMC Pacer X 232 automatic (aut. 3),America,100,,
17.5,6,258,95,3193,17.8,76,1,,,,,amc pacer d/l,,America,,,
16,8,304,150,3433,12,70,1,,,,,amc rebel sst,,America,,,
NA,8,360,175,3850,11,70,1,,,,,amc rebel sst (sw),,America,,,
27.4,4,121,80,2670,15,79,1,105,95,14.2,,amc spirit dl,1979 AMC Spirit Liftback 2L 4-speed (man. 4),America,,,
23,4,115,95,2694,15,75,2,,,,,audi 100 ls,,Europe,,,
20,4,114,91,2582,14,73,2,,,,,audi 100 ls,,Europe,,,
24,4,107,90,2430,14.5,70,2,111,90,12.1,,audi 100 ls,1973 Audi 100 LS (man. 4) (model for North America U.S.) ,Europe,91,,
34.3,4,97,78,2188,15.8,80,2,84,100,13,,audi 4000,,Europe,,,
20.3,5,131,103,2830,15.9,78,2,110,103,12.4,,audi 5000,1978 Audi 5000 (man. 4),Europe,,3593,
36.4,5,121,67,2950,19.9,80,2,,,,,audi 5000s (diesel),,Europe,,,
29,4,98,83,2219,16.5,74,2,82,96,12.9,,audi fox,1974 Audi Fox automatic (aut. 3),Europe,75,,
26,4,121,113,2234,12.5,70,2,116,106,10.3,,bmw 2002,1970 BMW 2002 (man. 4),Europe,114,,
21.5,4,121,110,2600,12.8,77,2,123,114,9.4,,bmw 320i,,Europe,123,,
17,6,231,110,3907,21,75,1,175,96,17.6,,buick century,1975 Buick Century Custom Hardtop Coupe 3.8L V-6 Hydra-Matic (aut. 3),America,,,
22.4,6,231,110,3415,15.8,81,1,,,,,buick century,,America,,,
13,8,350,175,4100,13,73,1,,,,,buick century 350,,America,,,
25,6,181,110,2945,16.4,82,1,,,,,buick century limited,,America,,,
13,8,350,150,4699,14.5,74,1,,,,,buick century luxus (sw),,America,,,
20.6,6,231,105,3380,15.8,78,1,,,,,buick century special,,America,,,
12,8,455,225,4951,11,73,1,360,121,11,,buick electra 225 custom,1973 Buick Electra 225 Custom Hardtop Coupe (aut. 3),America,,,
14,8,455,225,3086,10,70,1,510,126,7.8,,buick estate wagon (sw),1970 Buick Estate Wagon (man. 3),America,370,4762,
16.9,8,350,155,4360,14.9,79,1,,,,,buick estate wagon (sw),,America,,,
13,8,350,155,4502,13.5,72,1,359,103,12.8,,buick lesabre custom,1972 Buick Le Sabre 4-Door Hardtop 350 V-8 (aut. 3),America,150,4365,
30,4,111,80,2155,14.8,77,1,129,98,12.3,,buick opel isuzu deluxe,1977 Buick Opel Deluxe Sedan (man. 4),America,,2130,
17.7,6,231,165,3445,13.4,78,1,359,118,9.2,,buick regal sport coupe (turbo),1978 Buick Regal Sport Coupe Turbo 3.8L V-6 4-bbl. automatic (aut. 3),America,,,
21,6,231,110,3039,15,75,1,237,111,12.9,,buick skyhawk,1975 Buick Skyhawk Hydra-Matic (aut. 3),America,,2956,
20.5,6,231,105,3425,16.9,77,1,251,100,15.2,,buick skylark,1977 Buick Skylark 2-Door Coupe 3.8L V-6 automatic (aut. 3),America,,,
26.6,4,151,84,2635,16.4,81,1,,,,,buick skylark,,America,,,
15,8,350,165,3693,11.5,70,1,360,120,8.1,,buick skylark 320,1970 Buick Skylark 350 4-Door Sedan 350-2 V-8 (man. 3),America,155,3549,
28.4,4,151,90,2670,16,79,1,,,,,buick skylark limited,,America,,,
23,8,350,125,3900,17.4,79,1,225,104,15.6,,cadillac eldorado,1979 Cadillac Eldorado 5.7L V-8 Diesel (aut. 3),America,,4100,
16.5,8,350,180,4380,12.1,76,1,225,101,17.7,,cadillac seville,1979 Cadillac Seville 5.7L V-8 Diesel (aut. 3),America,170,4290,
25,4,140,92,2572,14.9,76,1,157,103,12.5,,capri ii (Mercury),1976 Capri II 2.3 Ghia (man. 4),America,88,2562,
16,6,250,105,3897,18.5,75,1,185,97,18.7,,chevroelt chevelle malibu,1976 Chevrolet Chevelle Malibu Classic Sedan 250 Hydra-Matic (aut. 3),America,,,
15,8,350,145,4440,14,75,1,250,103,13.7,,chevrolet bel air,1975 Chevrolet Bel Air 4-Door Sedan 350 V-8 Turbo-Fire Hydra-Matic (aut. 3),America,,4321,
27,4,151,90,2950,17.3,82,1,132,104,15.2,,chevrolet camaro,1982 Chevrolet Camaro Sport Coupe 2.5L TBI automatic (aut. 3),America,,2877,
13,8,400,150,4464,12,73,1,295,104,13.1,,chevrolet caprice classic,1973 Chevrolet Caprice Classic Sport Sedan 400-2 V-8 Turbo-Jet Hydra-Matic (aut. 3),America,,4343,
17.5,8,305,145,3880,12.5,77,1,,,,,chevrolet caprice classic,,America,,,
17,8,305,130,3840,15.4,79,1,,,,,chevrolet caprice classic,,America,,,
28,4,112,88,2605,19.6,82,1,100,96,15.5,,chevrolet cavalier,1982 Chevrolet Cavalier Sedan 1.8L automatic (aut. 3),America,,2476,
34,4,112,88,2395,18,82,1,100,98,15.1,,chevrolet cavalier 2-door,1982 Chevrolet Cavalier Coupe 1.8L automatic (aut. 3),America,,2410,
27,4,112,88,2640,18.6,82,1,100,96,15.6,,chevrolet cavalier wagon,1982 Chevrolet Cavalier Station Wagon 1.8L automatic (aut. 3),America,,2531,
15.9,8,350,165,4142,11.5,70,1,235,98,15.6,,chevrolet chevelle concours (sw),1970 Chevrolet Chevelle Concours Wagon 250 Turbo-Thrift Hydra-Matic (aut. 3),America,155,3818,
13,8,307,130,4098,14,72,1,,,,,chevrolet chevelle concours (sw),,America,,,
18,8,307,130,3504,12,70,1,235,105,11.6,,chevrolet chevelle malibu,1970 Chevrolet Chevelle Malibu Sedan 250 Turbo-Thrift (man. 3),America,155,3327,
17,6,250,100,3329,15.5,71,1,,,,,chevrolet chevelle malibu,,America,,,
17.5,8,305,140,4215,13,76,1,,,,,chevrolet chevelle malibu classic,,America,,,
16,6,250,100,3781,17,74,1,,,,,chevrolet chevelle malibu classic,,America,,,
32.1,4,98,70,2120,15.5,80,1,82,96,15.9,,chevrolet chevette,1980 Chevrolet Chevette 4-Door Hatchback Sedan 1.6L automatic (aut. 3),America,,,
30,4,98,68,2155,16.5,78,1,,,,,chevrolet chevette,,America,,,
30.5,4,98,63,2051,17,77,1,,,,,chevrolet chevette,,America,,,
29,4,85,52,2035,22.2,76,1,,,,,chevrolet chevette,,America,,,
28.8,6,173,115,2595,11.3,79,1,145,109,11.8,,chevrolet citation,1980 Chevrolet Citation Hatchback Sedan 2.8L V-6 automatic (aut. 3),America,,2555,80
23.5,6,173,110,2725,12.6,81,1,,,,,chevrolet citation,,America,,,
28,4,151,90,2678,16.5,80,1,,,,,chevrolet citation,,America,,,
17.5,6,250,110,3520,16.4,77,1,,,,,chevrolet concours,,America,,,
14,8,454,220,4354,9,70,1,345,116,9.6,,chevrolet impala,1970 Chevrolet Kingswood Wagon 350 V-8 Turbo-Fire 250-hp (man. 3),America,250,4398,
14,8,350,165,4209,12,71,1,,,,,chevrolet impala,,America,,,
13,8,350,165,4274,12,72,1,,,,,chevrolet impala,,America,,,
11,8,400,150,4997,14,73,1,,,,,chevrolet impala,,America,,,
13,8,350,145,3988,13,73,1,255,111,11.8,,chevrolet malibu,1973 Chevrolet Chevelle Malibu Sedan 350 V-8 Turbo-Fire Hydra-Matic (aut. 3),America,,,
20.5,6,200,95,3155,18.2,78,1,,,,,chevrolet malibu,,America,,,
19.2,8,267,125,3605,15,79,1,,,,,chevrolet malibu classic (sw),,America,,,
15,8,400,150,3761,9.5,70,1,345,126,10.4,,chevrolet monte carlo,1970 Chevrolet Monte Carlo 350 V-8 Turbo-Fire 250-hp Powerglide (aut. 2),America,250,3565,
15.5,8,350,170,4165,11.4,77,1,,,,,chevrolet monte carlo landau,,America,,,
19.2,8,305,145,3425,13.2,78,1,,,,,chevrolet monte carlo landau,,America,,,
15,8,350,145,4082,13,73,1,,,,,chevrolet monte carlo s,,America,,,
20,8,262,110,3221,13.5,75,1,195,112,12.3,,chevrolet monza 2+2,1975 Chevrolet Monza 2+2 Hatchback Coupe 4.3L V-8 Hydra-Matic (aut. 3),America,,,
18,6,250,105,3459,16,75,1,185,101,16.1,,chevrolet nova,1975 Chevrolet Nova 4-Door Sedan 4.1L Hydra-Matic (aut. 3),America,,,
22,6,250,105,3353,14.5,76,1,,,,,chevrolet nova,,America,,,
15,6,250,100,3336,17,74,1,,,,,chevrolet nova,,America,,,
16,6,250,100,3278,18,73,1,,,,,chevrolet nova custom,,America,,,
20,4,140,90,2408,19.5,72,1,121,103,14.2,,chevrolet vega,1972 Chevrolet Vega 2300 GT Hatchback Coupe automatic (aut. 2),America,,2374,
25,4,140,75,2542,17,74,1,,,,,chevrolet vega,,America,,,
21,4,140,72,2401,19.5,73,1,,,,,chevrolet vega,,America,,,
22,4,140,72,2408,19,71,1,,,,,chevrolet vega (sw),,America,,,
28,4,140,90,2264,15.5,71,1,,,,,chevrolet vega 2300,,America,,,
24.5,4,98,60,2164,22.1,76,1,82,92,15.6,,chevrolet woody,"1976 Chevrolet Chevette Coupe 1.6L Hydra-Matic (aut. 3) (Woodie Coupe, Sport Coupe)",America,,2019,
13,8,350,145,4055,12,76,1,,,,,chevy c10,,America,,,
10,8,307,200,4376,15,70,1,,,,,chevy c20,,America,,,
31,4,119,82,2720,19.4,82,1,101,83,17.8,,chevy s-10,1983 Chevrolet S-10 Blazer 2WD 2.0L (man. 4),America,,3080,
15.5,8,400,190,4325,12.2,77,1,305,119,11,18.7,chrysler cordoba,1977 Chrysler Cordoba 400-4 V-8 TorqueFlite (aut. 3),America,,,
26,4,156,92,2585,14.5,82,1,,,,,chrysler lebaron medallion,,America,,,
17.6,6,225,85,3465,16.6,81,1,,,,,chrysler lebaron salon,,America,,,
18.5,8,360,150,3940,13,79,1,265,106,12.2,22.2,chrysler lebaron town @ country (sw),1979 Chrysler Le Baron Town&Country Wagon 360-2V V-8 TorqueFlite (aut. 3),America,,,
13,8,440,215,4735,11,73,1,345,117,10.2,16.5,chrysler new yorker brougham,1973 Chrysler Newport Custom 4-Door Sedan 440 V-8 TorqueFlite (aut. 3),America,,,
13,8,400,190,4422,12.5,72,1,,,,,chrysler newport royal,,America,,,
21.7,4,133,115,3090,17.5,70,2,135,117,11,,citroen ds-21 pallas,1970 Citroen DS 20 (man. 4),Europe,123,2976,
35,4,72,69,1613,18,71,3,71,93,14.8,17.4,datsun 1200,1971 Datsun 1200 2-Door Coupe (Something Special) (man. 4),Japan,,,
32.9,4,119,100,2615,14.8,81,3,112,109,12.1,18.8,datsun 200sx,,Japan,,,
23.9,4,119,97,2405,14.9,78,3,,,,,datsun 200-sx,,Japan,,,
31.8,4,85,65,2020,19.2,79,3,72,96,14.7,20,datsun 210,1979 Datsun 210 Sportwagon 4-speed (man. 4),Japan,,,
40.8,4,85,65,2110,19.2,80,3,,,,,datsun 210,,Japan,,,
37,4,85,65,1975,19.4,81,3,,,,,datsun 210 mpg,,Japan,,,
32.7,6,168,132,2910,11.4,80,3,144,124,9.8,,datsun 280-zx,1980 Datsun 280ZX Grand Luxury 2+2 5-speed (man. 5),Japan,,2941,
37.2,4,86,65,2019,16.4,80,3,75,95,13.5,19.4,datsun 310,1980 Datsun 310 Hatchback Sedan 5-speed (man. 5),Japan,,1970,
38,4,91,67,1995,16.2,82,3,,,,,datsun 310 gx,,Japan,,,
27.2,4,119,97,2300,14.7,78,3,112,103,13.2,19.4,datsun 510,1978 Datsun 510 2-Door Sedan automatic (aut. 3),Japan,110,2251,
28,4,97,92,2288,17,72,3,,,,,datsun 510 (sw),,Japan,,,
37,4,119,92,2434,15,80,3,,,,,datsun 510 hatchback,,Japan,,,
22,4,108,94,2379,16.5,73,3,108,103,13.2,19.4,datsun 610,1973 Datsun 610 Sedan automatic (aut. 3),Japan,105,2315,
24,4,119,97,2545,17,75,3,100,103,14.7,14.7,datsun 710,1975 Datsun 710 4-Door Sedan automatic (aut. 3),Japan,100,2482,
32,4,83,61,2003,19,74,3,,,,,datsun 710,,Japan,,,
22,6,146,97,2815,14.5,77,3,138,114,9.8,17.3,datsun 810,,Japan,127,2720,
24.2,6,146,120,2930,13.8,81,3,,,,,datsun 810 maxima,,Japan,,,
31,4,79,67,1950,19,74,3,,,,,datsun b210,,Japan,,,
32,4,85,70,1990,17,76,3,,,,,datsun b-210,,Japan,,,
39.4,4,85,70,2070,18.6,78,3,,,,,datsun b210 gx,,Japan,,,
33.5,4,85,70,1945,16.8,77,3,75,98,13.4,18.9,datsun f-10 hatchback,1977 Datsun F-10 Hatchback (man. 5),Japan,,2661,
27,4,97,88,2130,14.5,70,3,,,,,datsun pl510,,Japan,,,
27,4,97,88,2130,14.5,71,3,,,,,datsun pl510,,Japan,,,
29,4,135,84,2525,16,82,1,111,99,12.6,19.2,dodge aries se,1982 Dodge Aries SE 4-Door 2.2L automatic (aut. 3),America,,,
25.8,4,156,92,2620,14.4,81,1,,,,,dodge aries wagon (sw),,America,,,
18.6,6,225,110,3620,18.7,78,1,244,101,15.9,20.2,dodge aspen,1978 Dodge Aspen Sedan 225 Super Six TorqueFlite (aut. 3),America,,3274,
19.1,6,225,90,3381,18.7,80,1,,,,,dodge aspen,,America,,,
20.6,6,225,110,3360,16.6,79,1,,,,,dodge aspen 6,,America,,,
20,6,225,100,3651,17.7,76,1,,,,,dodge aspen se,,America,,,
15,8,383,170,3563,10,70,1,215,102,12.5,18.9,dodge challenger se,1970 Dodge Challenger 225 Six TorqueFlite (aut. 3) (SE),America,145,3119,
36,4,135,84,2370,13,82,1,111,104,13.1,19.3,dodge charger 2.2,1983 Dodge Charger 2.2-liter automatic (aut. 3),America,94,,83
27.9,4,156,105,2800,14.4,80,1,,,,,dodge colt,,America,,,
26,4,98,79,2255,17.7,76,1,86,94,15.6,20.7,dodge colt,1976 Dodge Colt 4-Door Sedan 1.6L automatic (aut. 3),America,,,
28,4,90,75,2125,14.5,74,1,,,,,dodge colt,,America,,,
28,4,98,80,2164,15,72,1,,,,,dodge colt (sw),,America,,,
25,4,97.5,80,2126,17,72,1,,,,,dodge colt hardtop,,America,,,
35.7,4,98,80,1915,14.4,79,1,,,,,dodge colt hatchback custom,,America,,,
33.5,4,98,83,2075,15.9,77,1,,,,,dodge colt m/m,,America,,,
16,8,318,150,4190,13,76,1,255,108,12.5,19,dodge coronet brougham,1976 Dodge Coronet Brougham 4-Door Sedan 318 V-8 TorqueFlite (aut. 3),America,,4012,
15,8,318,150,3777,12.5,73,1,,,,,dodge coronet custom,,America,,,
14,8,318,150,4457,13.5,74,1,,,,,dodge coronet custom (sw),,America,,,
13,8,318,150,3755,14,76,1,,,,,dodge d100,,America,,,
11,8,318,210,4382,13.5,70,1,,,,,dodge d200,,America,,,
15,8,318,150,3399,11,73,1,265,113,9.5,17.1,dodge dart custom,1973 Dodge Dart 4-Door Sedan 318 V-8 TorqueFlite (aut. 3),America,,,
19.4,8,318,140,3735,13.2,78,1,246,108,12.3,19.4,dodge diplomat,1978 Dodge Diplomat 4-Door 318-2 V-8 TorqueFlite (aut. 3),America,,,
17.5,8,318,140,4080,13.7,78,1,246,109,13.8,19.9,dodge magnum xe,1978 Dodge Magnum XE 318-2 V-8 TorqueFlite (aut. 3),America,190,,
12,8,383,180,4955,11.5,71,1,305,114,11,18.4,dodge monaco (sw),1971 Dodge Monaco Station Wagon 383 V-8 4-bbl. TorqueFlite (aut. 3),America,,,
15.5,8,318,145,4140,13.7,77,1,,,,,dodge monaco brougham,,America,,,
30.9,4,105,75,2230,14.5,78,1,90,97,14.9,20.3,dodge omni,1978 Dodge Omni 1.7L automatic (aut. 3),America,,,
32,4,135,84,2295,11.6,82,1,,,,,dodge rampage,,America,,,
18.2,8,318,135,3830,15.2,79,1,250,105,12.8,19.5,dodge st. regis,1979 Dodge St. Regis 318-2 V-8 TorqueFlite (aut. 3),America,,,
26,4,98,90,2265,15.5,73,2,101,112,9.9,17.4,fiat 124 sport coupe,1973 Fiat 124 Sport Coupe 1600 (man. 4),Europe,103,2899,
26,4,116,75,2246,14,74,2,,,,,fiat 124 tc,,Europe,,,
30,4,88,76,2065,14.5,71,2,,,,,fiat 124b,,Europe,,,
24,4,90,75,2108,15.5,74,2,68,99,12.1,18.6,fiat 128,1974 Fiat 128 Coupe 1300 SL (man. 4),Europe,74,2502,
29,4,68,49,1867,19.5,73,2,,,,,fiat 128,,Europe,,,
28,4,107,86,2464,15.5,76,2,90,101,13.9,19.7,fiat 131,1976 Fiat 131 4-Door Sedan automatic (aut. 3),Europe,,,
37.3,4,91,69,2130,14.7,79,2,77,93,16.4,20.7,fiat strada custom,1979 Fiat Strada Custom 4-Door Hatchback automatic (aut. 3) (Luxury Pkg.),Europe,,2028,
31,4,79,67,2000,16,74,2,68,103,13.2,19.2,fiat x1.9,1974 Fiat X 1/9 (man. 4),Europe,,1971,
12,8,400,167,4906,12.5,73,1,312,106,13.3,19.5,ford country,1973 Ford Country Sedan 400 V-8 Cruise-O-Matic (aut. 3),America,,4799,
13,8,400,170,4746,12,71,1,376,114,10.7,18,ford country squire (sw),1971 Ford LTD Country Squire 390 V-8 Cruise-O-Matic (aut. 3),America,255,4610,
15.5,8,351,142,4054,14.3,79,1,,,,,ford country squire (sw),,America,,,
29.9,4,98,65,2380,20.7,81,1,85,94,15.5,20.3,ford escort 2h,1981 Ford Escort Hatchback 1.6L automatic (aut. 3),America,,2119,
34.4,4,98,65,2045,16.2,81,1,,,,,ford escort 4w,,America,,,
13,8,302,130,3870,15,76,1,,,,,ford f108,,America,,,
10,8,360,215,4615,14,70,1,,,,,ford f250,,America,,,
26.4,4,140,88,2870,18.1,80,1,119,93,15.5,20.3,ford fairmont,"1980 Ford Fairmont 4-door Sedan 2.3L automatic (aut. 3) (ES Pkg., Ghia Pkg.)",America,,2712,
20.2,6,200,85,2965,15.8,78,1,,,,,ford fairmont (auto),,America,,,
25.1,4,140,88,2720,15.4,78,1,,,,,ford fairmont (man),,America,,,
22.3,4,140,88,2890,17.3,79,1,,,,,ford fairmont 4,,America,,,
24,4,140,92,2865,16.4,82,1,119,96,14.1,19.6,ford fairmont futura,1982 Ford Fairmont Futura 4-door Sedan 2.3L (a/c opt.) (man. 4),America,,,
36.1,4,98,66,1800,14.4,78,1,88,98,11.6,18.3,ford fiesta,1978 Ford Fiesta S (man. 4),America,,1775,
18.1,8,302,139,3205,11.2,78,1,,,,,ford futura,,America,,,
15,8,429,198,4341,10,70,1,,,,,ford galaxie 500,,America,,,
14,8,351,153,4154,13.5,71,1,,,,,ford galaxie 500,,America,,,
14,8,351,153,4129,13,72,1,300,114,9.3,17.2,ford galaxie 500,1970 Ford Galaxie 500 4-door Hardtop 302 V-8 (man. 3),America,220,3818,
14.5,8,351,152,4215,12.8,76,1,274,108,13.9,19.3,ford gran torino,1976 Ford Gran Torino 4-door Pillared Hardtop 351 V-8 Cruise-O-Matic (aut. 3),America,,,
16,8,302,140,4141,14,74,1,,,,,ford gran torino,,America,,,
14,8,302,137,4042,14.5,73,1,,,,,ford gran torino,,America,,,
13,8,302,140,4294,16,72,1,,,,,ford gran torino (sw),,America,,,
14,8,302,140,4638,16,74,1,,,,,ford gran torino (sw),,America,,,
18.5,6,250,98,3525,19,77,1,190,95,16.7,21.1,ford granada,1977 Ford Granada 4-door Sedan 250 Six Cruise-O-Matic (aut. 3),America,,3362,
18,6,250,78,3574,21,76,1,,,,,ford granada ghia,,America,,,
20.2,6,200,88,3060,17.1,81,1,,,,,ford granada gl,,America,,,
22,6,232,112,2835,14.7,82,1,,,,,ford granada l,,America,,,
13,8,351,158,4363,13,73,1,250,108,14,19.9,ford ltd,1973 Ford LTD 4-door Hardtop 351 V-8 Cruise-O-Matic (aut. 3),America,,4338,
14,8,351,148,4657,13.5,75,1,,,,,ford ltd,,America,,,
17.6,8,302,129,3725,13.4,79,1,,,,,ford ltd landau,,America,,,
18,6,250,88,3021,16.5,73,1,,,,,ford maverick,,America,,,
21,6,200,85,2587,16,70,1,,,,,ford maverick,,America,,,
24,6,200,81,3012,17.6,76,1,,,,,ford maverick,,America,,,
15,6,250,72,3158,19.5,75,1,,,,,ford maverick,,America,,,
18,6,250,88,3139,14.5,71,1,,,,,ford mustang,,America,,,
NA,8,302,140,3353,8,70,1,290,133,7.3,15.6,ford mustang boss 302,1970 Ford Mustang Boss 302 close-ratio (man. 4),America,290,3227,
27,4,140,86,2790,15.6,82,1,,,,,ford mustang gl,,America,,,
13,8,302,129,3169,12,75,1,,,,,ford mustang ii,,America,,,
25.5,4,140,89,2755,15.8,77,1,,,,,ford mustang ii 2+2,,America,,,
18,6,171,97,2984,14.5,75,1,,,,,ford pinto,,America,,,
19,4,122,85,2310,18.5,73,1,,,,,ford pinto,,America,,,
23,4,140,83,2639,17,75,1,110,97,13.6,19.4,ford pinto,,America,,2575,
26,4,122,80,2451,16.5,74,1,,,,,ford pinto,,America,,,
26.5,4,140,72,2565,13.6,76,1,91,88,14.8,19.8,ford pinto,1971 Ford Pinto 2-door Sedan 1600-cc (man. 4),America,75,2015,
22,4,122,86,2395,16,72,1,,,,,ford pinto (sw),,America,,,
21,4,122,86,2226,16.5,72,1,103,96,12.8,18.9,ford pinto runabout,1972 Ford Pinto Runabout 2000-cc Cruise-O-Matic (aut. 3),America,,2149,
28,4,120,79,2625,18.6,82,1,,,,,ford ranger,,America,,,
16,8,351,149,4335,14.5,77,1,291,108,13.1,19.7,ford thunderbird,1977 Ford Thunderbird 351 V-8 Cruise-O-Matic (aut. 3),America,,4279,
17,8,302,140,3449,10.5,70,1,240,103,13.3,19.3,ford torino,1970 Ford Torino 4-door Hardtop 250 Six Cruise-O-Matic (aut. 3),America,155,3331,
NA,8,351,153,4034,11,70,1,,,,,ford torino (sw),,America,,,
19,6,250,88,3302,15.5,71,1,,,,,ford torino 500,,America,,,
9,8,304,193,4732,18.5,70,1,,,,,hi 1200d,,America,,,
36,4,107,75,2205,14.5,82,3,93,106,12.5,18.5,honda accord,,Japan,79,3351,
32.4,4,107,72,2290,17,80,3,,,,,honda accord,,Japan,,,
31.5,4,98,68,2045,18.5,77,3,,,,,honda accord cvcc,,Japan,,,
29.5,4,98,68,2135,16.6,78,3,,,,,honda accord lx,,Japan,,,
24,4,120,97,2489,15,74,3,,,,,honda civic,,Japan,,,
38,4,91,67,1965,15,82,3,,,,,honda civic,,Japan,,,
33,4,91,53,1795,17.4,76,3,59,83,14.6,19.6,honda civic,,Japan,,1537,
32,4,91,67,1965,15.7,82,3,,,,,honda civic (auto),,Japan,,,
35.1,4,81,60,1760,16.1,81,3,,,,,honda civic 1300,,Japan,,,
44.6,4,91,67,1850,13.8,80,3,,,,,honda civic 1500 gl,,Japan,,,
36.1,4,91,60,1800,16.4,78,3,,,,,honda civic cvcc,,Japan,,,
33,4,91,53,1795,17.5,75,3,74,87,15.9,20.4,honda civic cvcc,1975 Honda Civic CVCC 4-Door automatic Deluxe (aut. 2),Japan,62,1653,
33.7,4,107,75,2210,14.4,81,3,93,101,12.5,18.1,honda prelude,,Japan,79,2998,
34.1,4,86,65,1975,15.2,79,3,,,,,maxda glc deluxe,,Japan,,,
18,3,70,90,2124,13.5,73,3,,,,,maxda rx3,,Japan,,,
31.3,4,120,75,2542,17.5,80,3,89,96,17,20.9,mazda 626,1980 Mazda 626 1.6 GLS automatic (aut. 3),Japan,74,3395,
31.6,4,120,74,2635,18.3,81,3,,,,,mazda 626,,Japan,,,
46.6,4,86,65,2110,17.9,80,3,,,,,mazda glc,,Japan,,,
34.1,4,91,68,1985,16,81,3,,,,,mazda glc 4,,Japan,,,
31,4,91,68,1970,17.6,82,3,,,,,mazda glc custom,,Japan,,,
37,4,91,68,2025,18.2,82,3,,,,,mazda glc custom l,,Japan,,,
32.8,4,78,52,1985,19.4,78,3,,,,,mazda glc deluxe,,Japan,,,
19,3,70,97,2330,13.5,72,3,,,,,mazda rx2 coupe,,Japan,,,
21.5,3,80,110,2720,13.5,77,3,165,106,11.4,18.2,mazda rx-4,1977 Mazda RX-4 Sedan automatic (aut. 3),Japan,113,2623,
23.7,3,70,100,2420,12.5,80,3,106,118,9,17.3,mazda rx-7 gs,1980 Mazda RX-7 (man. 5),Japan,103,2337,
25.4,5,183,77,3530,20.1,79,2,,,,,mercedes benz 300d,,Europe,,,
30,4,146,67,3250,21.8,80,2,97,86,22.5,22.7,mercedes-benz 240d,1980 Mercedes-Benz 240 D automatic (aut. 4),Europe,,3020,
16.5,6,168,120,3820,16.7,76,2,,,,,mercedes-benz 280s,,Europe,,,
23,4,122,86,2220,14,71,1,98,99,14.8,20.2,mercury capri 2000,1973 Capri 2000 automatic (aut. 3),America,,2340,
21,6,155,107,2472,14,73,1,,,,,mercury capri v6,,America,,,
15,8,302,130,4295,14.9,77,1,243,103,15.3,20.6,mercury cougar brougham,1977 Mercury Cougar Brougham 4-Door 302-2V V-8 Select-Shift automatic (aut. 3),America,,4144,
16.5,8,351,138,3955,13.2,79,1,260,103,12.9,19.6,mercury grand marquis,1979 Mercury Grand Marquis 2-Door Sedan 5.8L V-8 (aut. 3),America,,3737,
36,4,98,70,2125,17.3,82,1,,,,,mercury lynx l,,America,,,
11,8,429,208,4633,11,72,1,,,,,mercury marquis,,America,,,
12,8,429,198,4952,11.5,73,1,,,,,mercury marquis brougham,,America,,,
15,6,250,72,3432,21,75,1,,,,,mercury monarch,,America,,,
20.2,8,302,139,3570,12.8,78,1,,,,,mercury monarch ghia,,America,,,
20.8,6,200,85,3070,16.7,78,1,,,,,mercury zephyr,,America,,,
19.8,6,200,85,2990,18.2,79,1,,,,,mercury zephyr 6,,America,,,
36,4,120,88,2160,14.5,82,3,105,103,12.3,18.8,nissan stanza xe,,Japan,,3186,
38,6,262,85,3015,17,82,1,,,,,oldsmobile cutlass ciera (diesel),,America,,,
26.6,8,350,105,3725,19,81,1,190,102,14.8,20.3,oldsmobile cutlass ls,,America,110,3296,
19.9,8,260,110,3365,15.5,78,1,,,,,oldsmobile cutlass salon brougham,,America,,,
23.9,8,260,90,3420,22.2,79,1,,,,,oldsmobile cutlass salon brougham,,America,,,
17,8,260,110,4060,19,77,1,,,,,oldsmobile cutlass supreme,,America,,,
12,8,350,160,4456,13.5,72,1,,,,,oldsmobile delta 88 royale,,America,,,
11,8,350,180,3664,11,73,1,,,,,oldsmobile omega,,America,,,
26.8,6,173,115,2700,12.9,79,1,190,105,11.6,18.7,oldsmobile omega brougham,,America,,3208,
23.8,4,151,85,2855,17.6,78,1,123,106,14.2,20,oldsmobile starfire sx,,America,,,
12,8,350,180,4499,12.5,73,1,,,,,oldsmobile vista cruiser,,America,,,
28,4,116,90,2123,14,71,2,111,96,13.6,19,opel 1900,,Europe,,,
25,4,116,81,2220,16.9,76,2,,,,,opel 1900,,Europe,,,
26,4,97,78,2300,14.5,74,2,92,101,13.3,19.3,opel manta,,Europe,75,,
24,4,116,75,2158,15.5,73,2,,,,,opel manta,,Europe,,,
30,4,79,70,2074,19.5,71,2,74,93,14.7,19.5,peugeot 304,,Europe,,,
23,4,120,88,2957,17,75,2,105,96,14.9,19.3,peugeot 504,,Europe,86,2557,
19,4,120,88,3270,21.9,76,2,,,,,peugeot 504,,Europe,,,
25,4,110,87,2672,17.5,70,2,,,,,peugeot 504,,Europe,,,
27.2,4,141,71,3190,24.8,79,2,,,,,peugeot 504,,Europe,,,
21,4,120,87,2979,19.5,72,2,,,,,peugeot 504 (sw),,Europe,,,
28.1,4,141,80,3230,20.4,81,2,,,,,peugeot 505s turbo diesel,,Europe,,,
16.2,6,163,133,3410,15.8,78,2,162.5,114,10.6,17.7,peugeot 604sl,,Europe,,,
25.5,4,122,96,2300,15.5,77,1,106,104,10.8,18,plymouth arrow gs,,America,,,
39,4,86,64,1875,16.4,81,1,78,93,13.7,19.3,plymouth champ,,America,,,
26,4,91,70,1955,20.5,71,1,83,86,15.6,20.2,plymouth cricket,,America,,,
14,8,340,160,3609,8,70,1,340,127,6.8,15.3,plymouth 'cuda 340,,America,275,,
13,8,360,170,4654,13,73,1,,,,,plymouth custom suburb,,America,,,
22,6,198,95,2833,15.5,70,1,180,103,11.7,18.7,plymouth duster,,America,125,2908,
23,6,198,95,2904,16,73,1,,,,,plymouth duster,,America,,,
20,6,198,95,3102,16.5,74,1,,,,,plymouth duster,,America,,,
18,6,225,95,3785,19,75,1,170,95,16.9,21.2,plymouth fury,,America,,,
14,8,318,150,4237,14.5,73,1,,,,,plymouth fury gran sedan,,America,,,
14,8,440,215,4312,8.5,70,1,,,,,plymouth fury iii,,America,,,
14,8,318,150,4096,13,71,1,,,,,plymouth fury iii,,America,,,
15,8,318,150,4135,13.5,72,1,,,,,plymouth fury iii,,America,,,
16,8,318,150,4498,14.5,75,1,260,108,14,19.9,plymouth grand fury,,America,,4376,
34.2,4,105,70,2200,13.2,79,1,85,96,15,20.1,plymouth horizon,,America,65,,
34.7,4,105,63,2215,14.9,81,1,,,,,plymouth horizon 4,,America,,,
38,4,105,63,2125,14.7,82,1,,,,,plymouth horizon miser,,America,,,
34.5,4,105,70,2150,14.9,79,1,,,,,plymouth horizon tc3,,America,,,
27.2,4,135,84,2490,15.7,81,1,111,99,12.3,19,plymouth reliant,,America,,2361,
30,4,135,84,2385,12.9,81,1,,,,,plymouth reliant,,America,,,
23.2,4,156,105,2745,16.7,78,1,139,112,10.9,18.2,plymouth sapporo,,America,,2689,
18,8,318,150,3436,11,70,1,215,99,12.2,19,plymouth satellite,,America,145,3318,
NA,8,383,175,4166,10.5,70,1,,,,,plymouth satellite (sw),,America,,,
16,6,225,105,3439,15.5,71,1,,,,,plymouth satellite custom,,America,,,
14,8,318,150,4077,14,72,1,,,,,plymouth satellite custom (sw),,America,,,
18,6,225,105,3613,16.5,74,1,,,,,plymouth satellite sebring,,America,,,
18,6,225,105,3121,16.5,73,1,185,101,12.2,18.7,plymouth valiant,,America,,2967,
22,6,225,100,3233,15.4,76,1,,,,,plymouth valiant,,America,,,
19,6,225,95,3264,16,75,1,,,,,plymouth valiant custom,,America,,,
20.5,6,225,100,3430,17.2,78,1,170,100,13.7,19.7,plymouth volare,,America,,3230,
19,6,225,100,3630,17.7,77,1,,,,,plymouth volare custom,,America,,,
13,8,318,150,3940,13.2,76,1,,,,,plymouth volare premier v8,,America,,,
23,4,140,78,2592,18.5,75,1,,,,,pontiac astro,,America,,,
14,8,455,225,4425,10,70,1,,,,,pontiac catalina,,America,,,
14,8,400,175,4385,12,72,1,,,,,pontiac catalina,,America,,,
16,8,400,170,4668,11.5,75,1,,,,,pontiac catalina,,America,,,
14,8,400,175,4464,11.5,71,1,,,,,pontiac catalina brougham,,America,,,
19,6,250,100,3282,15,71,1,,,,,pontiac firebird,,America,,,
16,8,400,230,4278,9.5,73,1,,,,,pontiac grand prix,,America,,,
16,8,400,180,4220,11.1,77,1,,,,,pontiac grand prix lj,,America,,,
31,4,112,85,2575,16.2,82,1,,,,,pontiac j2000 se hatchback,,America,,,
21.5,6,231,115,3245,15.4,79,1,,,,,pontiac lemans v6,,America,,,
33.5,4,151,90,2556,13.2,79,1,,,,,pontiac phoenix,,America,,,
27,4,151,90,2735,18,82,1,,,,,pontiac phoenix,,America,,,
19.2,6,231,105,3535,19.2,78,1,,,,,pontiac phoenix lj,,America,,,
13,8,400,175,5140,12,71,1,,,,,pontiac safari (sw),,America,,,
24.5,4,151,88,2740,16,77,1,,,,,pontiac sunbird coupe,,America,,,
18.5,6,250,110,3645,16.2,76,1,,,,,pontiac ventura sj,,America,,,
26,4,96,69,2189,18,72,2,,,,,renault 12 (sw),,Europe,,,
27,4,101,83,2202,15.3,76,2,,,,,renault 12tl,,Europe,,,
36,4,79,58,1825,18.6,77,2,,,,,renault 5 gtl,,Europe,,,
NA,4,121,110,2800,15.4,81,2,,,,,saab 900s,,Europe,,,
25,4,104,95,2375,17.5,70,2,,,,,saab 99e,,Europe,,,
21.6,4,121,115,2795,15.7,78,2,,,,,saab 99gle,,Europe,,,
25,4,121,115,2671,13.5,75,2,,,,,saab 99le,,Europe,,,
24,4,121,110,2660,14,73,2,,,,,saab 99le,,Europe,,,
26,4,108,93,2391,15.5,74,3,,,,,subaru,,Japan,,,
32.3,4,97,67,2065,17.8,81,3,,,,,subaru,,Japan,,,
30,4,97,67,1985,16.4,77,3,,,,,subaru dl,,Japan,,,
33.8,4,97,67,2145,18,80,3,,,,,subaru dl,,Japan,,,
20,4,97,88,2279,19,73,3,,,,,toyota carina,,Japan,,,
32,4,144,96,2665,13.9,82,3,116,112,10.9,,toyota celica gt,,Japan,103,2590,
21.1,4,134,95,2515,14.8,78,3,,,,,toyota celica gt liftback,,Japan,,,
29,4,97,75,2171,16,75,3,,,,,toyota corolla,,Japan,,,
28,4,97,75,2155,16.4,76,3,,,,,toyota corolla,,Japan,,,
32.2,4,108,75,2265,15.2,80,3,,,,,toyota corolla,,Japan,,,
32.4,4,108,75,2350,16.8,81,3,,,,,toyota corolla,,Japan,,,
34,4,108,70,2245,16.9,82,3,,,,,toyota corolla,,Japan,,,
31,4,71,65,1773,19,71,3,,,,,toyota corolla 1200,,Japan,,,
32,4,71,65,1836,21,74,3,,,,,toyota corolla 1200,,Japan,,,
27,4,97,88,2100,16.5,72,3,,,,,toyota corolla 1600 (sw),,Japan,,,
26,4,97,75,2265,18.2,77,3,,,,,toyota corolla liftback,,Japan,,,
38.1,4,89,60,1968,18.8,80,3,,,,,toyota corolla tercel,,Japan,,,
24,4,134,96,2702,13.5,75,3,,,,,toyota corona,,Japan,,,
25,4,113,95,2228,14,71,3,,,,,toyota corona,,Japan,,,
27.5,4,134,95,2560,14.2,78,3,,,,,toyota corona,,Japan,,,
31,4,76,52,1649,16.5,74,3,,,,,toyota corona,,Japan,,,
24,4,113,95,2278,15.5,72,3,,,,,toyota corona hardtop,,Japan,,,
29.8,4,134,90,2711,15.5,80,3,,,,,toyota corona liftback,,Japan,,,
24,4,113,95,2372,15,70,3,,,,,toyota corona mark ii,,Japan,,,
25.4,6,168,116,2900,12.6,81,3,,,,,toyota cressida,,Japan,,,
20,6,156,122,2807,13.5,73,3,,,,,toyota mark ii,,Japan,,,
19,6,156,108,2930,15.5,76,3,,,,,toyota mark ii,,Japan,,,
39.1,4,79,58,1755,16.9,81,3,,,,,toyota starlet,,Japan,,,
37.7,4,89,62,2050,17.3,81,3,,,,,toyota tercel,,Japan,,,
23,4,120,97,2506,14.5,72,3,,,,,toyouta corona mark ii (sw),,Japan,,,
35,4,122,88,2500,15.1,80,2,,,,,triumph tr7 coupe,,Europe,,,
29.8,4,89,62,1845,15.3,80,2,,,,,vokswagen rabbit,,Europe,,,
26,4,97,46,1835,20.5,70,2,,,,,volkswagen 1131 deluxe sedan,,Europe,,,
22,4,121,76,2511,18,72,2,,,,,volkswagen 411 (sw),,Europe,,,
30.5,4,97,78,2190,14.1,77,2,,,,,volkswagen dasher,,Europe,,,
25,4,90,71,2223,16.5,75,2,,,,,volkswagen dasher,,Europe,,,
26,4,79,67,1963,15.5,74,2,,,,,volkswagen dasher,,Europe,,,
43.4,4,90,48,2335,23.7,80,2,,,,,volkswagen dasher (diesel),,Europe,,,
33,4,105,74,2190,14.2,81,2,,,,,volkswagen jetta,,Europe,,,
27,4,97,60,1834,19,71,2,,,,,volkswagen model 111,,Europe,,,
44,4,97,52,2130,24.6,82,2,,,,,volkswagen pickup,,Europe,,,
41.5,4,98,76,2144,14.7,80,2,,,,,volkswagen rabbit,,Europe,,,
29.5,4,97,71,1825,12.2,76,2,,,,,volkswagen rabbit,,Europe,,,
29,4,90,70,1937,14,75,2,,,,,volkswagen rabbit,,Europe,,,
29,4,90,70,1937,14.2,76,2,81,94,13.4,,volkswagen rabbit,,Europe,,1753,
44.3,4,90,48,2085,21.7,80,2,,,,,volkswagen rabbit c (diesel),,Europe,,,
29,4,97,78,1940,14.5,77,2,,,,,volkswagen rabbit custom,,Europe,,,
31.9,4,89,71,1925,14,79,2,,,,,volkswagen rabbit custom,,Europe,,,
43.1,4,90,48,1985,21.5,78,2,,,,,volkswagen rabbit custom diesel,,Europe,,,
36,4,105,74,1980,15.3,82,2,,,,,volkswagen rabbit l,,Europe,,,
31.5,4,89,71,1990,14.9,78,2,,,,,volkswagen scirocco,,Europe,,,
26,4,97,46,1950,21,73,2,,,,,volkswagen super beetle,,Europe,,,
NA,4,97,48,1978,20,71,2,,,,,volkswagen super beetle 117,,Europe,,,
23,4,97,54,2254,23.5,72,2,,,,,volkswagen type 3,,Europe,,,
19,4,121,112,2868,15.5,73,2,,,,,volvo 144ea,,Europe,,,
18,4,121,112,2933,14.5,72,2,,,,,volvo 145e (sw),,Europe,,,
22,4,121,98,2945,14.5,75,2,,,,,volvo 244dl,,Europe,,,
20,4,130,102,3150,15.7,76,2,,,,,volvo 245,,Europe,,,
17,6,163,125,3140,13.6,78,2,,,,,volvo 264gl,,Europe,,,
30.7,6,145,76,3160,19.6,81,2,,,,,volvo diesel,,Europe,,,
